{
    "accuracy": 0.6345733041575492,
    "precision_binary": 0.7142857142857143,
    "recall_binary": 0.16216216216216217,
    "f1_binary": 0.2643171806167401,
    "micro_precision": 0.6345733041575492,
    "micro_recall": 0.6345733041575492,
    "micro_f1": 0.6345733041575492,
    "macro_precision": 0.6703958691910499,
    "macro_recall": 0.5590222575516693,
    "macro_f1": 0.5106156499881372,
    "true_positives": 30,
    "false_positives": 12,
    "true_negatives": 260,
    "false_negatives": 155,
    "distinct_true_labels": [
        0,
        1
    ],
    "distinct_pred_labels": [
        0,
        1
    ]
}