{
    "accuracy": 0.776536312849162,
    "precision_binary": 0.8865979381443299,
    "recall_binary": 0.7478260869565218,
    "f1_binary": 0.8113207547169812,
    "micro_precision": 0.776536312849162,
    "micro_recall": 0.776536312849162,
    "micro_f1": 0.776536312849162,
    "macro_precision": 0.7664697007794821,
    "macro_recall": 0.7879755434782609,
    "macro_f1": 0.7686740759886276,
    "true_positives": 86,
    "false_positives": 11,
    "true_negatives": 53,
    "false_negatives": 29,
    "distinct_true_labels": [
        0,
        1
    ],
    "distinct_pred_labels": [
        0,
        1
    ]
}