{
    "accuracy": 0.7166666666666667,
    "precision_binary": 0.8636363636363636,
    "recall_binary": 0.6608695652173913,
    "f1_binary": 0.7487684729064039,
    "micro_precision": 0.7166666666666667,
    "micro_recall": 0.7166666666666667,
    "micro_f1": 0.7166666666666667,
    "macro_precision": 0.7198616600790514,
    "macro_recall": 0.7381270903010033,
    "macro_f1": 0.7119638542875968,
    "true_positives": 76,
    "false_positives": 12,
    "true_negatives": 53,
    "false_negatives": 39,
    "distinct_true_labels": [
        0,
        1
    ],
    "distinct_pred_labels": [
        0,
        1
    ]
}