{
    "toxicity": {
        "accuracy": 0.8611111111111112,
        "precision_binary": 0.8879310344827587,
        "recall_binary": 0.8956521739130435,
        "f1_binary": 0.8917748917748919,
        "micro_precision": 0.8611111111111112,
        "micro_recall": 0.8611111111111112,
        "micro_f1": 0.8611111111111112,
        "macro_precision": 0.8502155172413793,
        "macro_recall": 0.8478260869565217,
        "macro_f1": 0.8489882210812444,
        "true_positives": 103,
        "false_positives": 13,
        "true_negatives": 52,
        "false_negatives": 12,
        "distinct_true_labels": [
            0,
            1
        ],
        "distinct_pred_labels": [
            0,
            1
        ]
    },
    "vulgarity": {
        "accuracy": 0.2679830747531735,
        "precision_binary": 0.4103671706263499,
        "recall_binary": 0.43577981651376146,
        "f1_binary": 0.42269187986651835,
        "micro_precision": 0.2679830747531735,
        "micro_recall": 0.2679830747531735,
        "micro_f1": 0.2679830747531735,
        "macro_precision": 0.20518358531317496,
        "macro_recall": 0.21788990825688073,
        "macro_f1": 0.21134593993325917,
        "true_positives": 190,
        "false_positives": 273,
        "true_negatives": 0,
        "false_negatives": 246,
        "distinct_true_labels": [
            0,
            1
        ],
        "distinct_pred_labels": [
            0,
            1
        ]
    },
    "target": {
        "accuracy": 0.19072164948453607,
        "macro_precision": 0.15937873357228197,
        "macro_recall": 0.25,
        "macro_f1": 0.19084249084249083,
        "weighted_precision": 0.14074566751653547,
        "weighted_recall": 0.19072164948453607,
        "weighted_f1": 0.16027529171859065,
        "micro_precision": 0.19072164948453607,
        "micro_recall": 0.19072164948453607,
        "micro_f1": 0.19072164948453607,
        "distinct_true_labels": [
            "O",
            "INDIV",
            "GROUP"
        ],
        "distinct_pred_labels": [
            "GROUP",
            "O",
            "INDIV"
        ]
    }
}