{
    "toxicity": {
        "accuracy": 0.85,
        "precision_binary": 0.9313725490196079,
        "recall_binary": 0.8260869565217391,
        "f1_binary": 0.8755760368663595,
        "micro_precision": 0.85,
        "micro_recall": 0.85,
        "micro_f1": 0.85,
        "macro_precision": 0.8374811463046757,
        "macro_recall": 0.8591973244147157,
        "macro_f1": 0.8433824240275855,
        "true_positives": 95,
        "false_positives": 7,
        "true_negatives": 58,
        "false_negatives": 20,
        "distinct_true_labels": [
            0,
            1
        ],
        "distinct_pred_labels": [
            0,
            1
        ]
    },
    "vulgarity": {
        "accuracy": 0.9710703953712633,
        "precision_binary": 0.4425531914893617,
        "recall_binary": 0.3611111111111111,
        "f1_binary": 0.39770554493307836,
        "micro_precision": 0.9710703953712633,
        "micro_recall": 0.9710703953712633,
        "micro_f1": 0.9710703953712633,
        "macro_precision": 0.7126409361023098,
        "macro_recall": 0.6743766017326227,
        "macro_f1": 0.6914424026537981,
        "true_positives": 208,
        "false_positives": 262,
        "true_negatives": 20939,
        "false_negatives": 368,
        "distinct_true_labels": [
            0,
            1
        ],
        "distinct_pred_labels": [
            0,
            1
        ]
    },
    "target": {
        "accuracy": 0.9927905588464894,
        "macro_precision": 0.502554046529644,
        "macro_recall": 0.6124112882887037,
        "macro_f1": 0.5413102583125006,
        "weighted_precision": 0.9943549039874812,
        "weighted_recall": 0.9927905588464894,
        "weighted_f1": 0.9935104520595232,
        "micro_precision": 0.9927905588464894,
        "micro_recall": 0.9927905588464894,
        "micro_f1": 0.9927905588464894,
        "distinct_true_labels": [
            "INDIV",
            "O",
            "GROUP"
        ],
        "distinct_pred_labels": [
            "INDIV",
            "O",
            "GROUP"
        ]
    }
}