{
    "toxicity": {
        "accuracy": 0.8222222222222222,
        "precision_binary": 0.92,
        "recall_binary": 0.7931034482758621,
        "f1_binary": 0.851851851851852,
        "micro_precision": 0.8222222222222222,
        "micro_recall": 0.8222222222222222,
        "micro_f1": 0.8222222222222222,
        "macro_precision": 0.81,
        "macro_recall": 0.834051724137931,
        "macro_f1": 0.8148148148148149,
        "true_positives": 92,
        "false_positives": 8,
        "true_negatives": 56,
        "false_negatives": 24,
        "distinct_true_labels": [
            0,
            1
        ],
        "distinct_pred_labels": [
            0,
            1
        ]
    },
    "vulgarity": {
        "accuracy": 0.2764331210191083,
        "precision_binary": 0.47902869757174393,
        "recall_binary": 0.39526411657559196,
        "f1_binary": 0.4331337325349302,
        "micro_precision": 0.2764331210191083,
        "micro_recall": 0.2764331210191083,
        "micro_f1": 0.2764331210191083,
        "macro_precision": 0.23951434878587197,
        "macro_recall": 0.19763205828779598,
        "macro_f1": 0.2165668662674651,
        "true_positives": 217,
        "false_positives": 236,
        "true_negatives": 0,
        "false_negatives": 332,
        "distinct_true_labels": [
            0,
            1
        ],
        "distinct_pred_labels": [
            0,
            1
        ]
    },
    "target": {
        "accuracy": 0.15873015873015872,
        "macro_precision": 0.1473429951690821,
        "macro_recall": 0.1825951825951826,
        "macro_f1": 0.15795206971677558,
        "weighted_precision": 0.15021854152288935,
        "weighted_recall": 0.15873015873015875,
        "weighted_f1": 0.1519867206141716,
        "micro_precision": 0.15873015873015872,
        "micro_recall": 0.15873015873015872,
        "micro_f1": 0.15873015873015872,
        "distinct_true_labels": [
            "O",
            "INDIV",
            "GROUP"
        ],
        "distinct_pred_labels": [
            "O",
            "INDIV",
            "GROUP"
        ]
    }
}