{
    "toxicity": {
        "accuracy": 0.8666666666666667,
        "precision_binary": 0.9099099099099099,
        "recall_binary": 0.8782608695652174,
        "f1_binary": 0.8938053097345133,
        "micro_precision": 0.8666666666666667,
        "micro_recall": 0.8666666666666667,
        "micro_f1": 0.8666666666666667,
        "macro_precision": 0.8535056795926361,
        "macro_recall": 0.8622073578595317,
        "macro_f1": 0.8573504160612866,
        "true_positives": 101,
        "false_positives": 10,
        "true_negatives": 55,
        "false_negatives": 14,
        "distinct_true_labels": [
            0,
            1
        ],
        "distinct_pred_labels": [
            0,
            1
        ]
    },
    "vulgarity": {
        "accuracy": 0.9760549816144283,
        "precision_binary": 0.4327731092436975,
        "recall_binary": 0.42650103519668736,
        "f1_binary": 0.429614181438999,
        "micro_precision": 0.9760549816144283,
        "micro_recall": 0.9760549816144283,
        "micro_f1": 0.9760549816144283,
        "macro_precision": 0.7101946733629074,
        "macro_recall": 0.7072132205186066,
        "macro_f1": 0.7086924894541011,
        "true_positives": 206,
        "false_positives": 270,
        "true_negatives": 22091,
        "false_negatives": 277,
        "distinct_true_labels": [
            0,
            1
        ],
        "distinct_pred_labels": [
            0,
            1
        ]
    },
    "target": {
        "accuracy": 0.9931710733671861,
        "macro_precision": 0.48149132897682834,
        "macro_recall": 0.5439151725467515,
        "macro_f1": 0.505029278633548,
        "weighted_precision": 0.994128345812142,
        "weighted_recall": 0.9931710733671861,
        "weighted_f1": 0.9936261782038083,
        "micro_precision": 0.9931710733671861,
        "micro_recall": 0.9931710733671861,
        "micro_f1": 0.9931710733671861,
        "distinct_true_labels": [
            "INDIV",
            "O",
            "GROUP"
        ],
        "distinct_pred_labels": [
            "INDIV",
            "O",
            "GROUP"
        ]
    }
}