{
    "toxicity": {
        "accuracy": 0.8611111111111112,
        "precision_binary": 0.8879310344827587,
        "recall_binary": 0.8956521739130435,
        "f1_binary": 0.8917748917748919,
        "micro_precision": 0.8611111111111112,
        "micro_recall": 0.8611111111111112,
        "micro_f1": 0.8611111111111112,
        "macro_precision": 0.8502155172413793,
        "macro_recall": 0.8478260869565217,
        "macro_f1": 0.8489882210812444,
        "true_positives": 103,
        "false_positives": 13,
        "true_negatives": 52,
        "false_negatives": 12,
        "distinct_true_labels": [
            0,
            1
        ],
        "distinct_pred_labels": [
            0,
            1
        ]
    },
    "vulgarity": {
        "accuracy": 0.9805821610296318,
        "precision_binary": 0.4103671706263499,
        "recall_binary": 0.43577981651376146,
        "f1_binary": 0.42269187986651835,
        "micro_precision": 0.9805821610296318,
        "micro_recall": 0.9805821610296318,
        "micro_f1": 0.9805821610296318,
        "macro_precision": 0.7005005470493257,
        "macro_recall": 0.7126982149661459,
        "macro_f1": 0.7064084435008144,
        "true_positives": 190,
        "false_positives": 273,
        "true_negatives": 26019,
        "false_negatives": 246,
        "distinct_true_labels": [
            0,
            1
        ],
        "distinct_pred_labels": [
            0,
            1
        ]
    },
    "target": {
        "accuracy": 0.9941260101765939,
        "macro_precision": 0.49201004860299524,
        "macro_recall": 0.582094269014631,
        "macro_f1": 0.5232050659196817,
        "weighted_precision": 0.9953686807519145,
        "weighted_recall": 0.9941260101765939,
        "weighted_f1": 0.9947070784452964,
        "micro_precision": 0.9941260101765939,
        "micro_recall": 0.9941260101765939,
        "micro_f1": 0.9941260101765939,
        "distinct_true_labels": [
            "INDIV",
            "O",
            "GROUP"
        ],
        "distinct_pred_labels": [
            "INDIV",
            "O",
            "GROUP"
        ]
    }
}