{
    "toxicity": {
        "accuracy": 0.84,
        "precision_binary": 0.8706896551724138,
        "recall_binary": 0.8859649122807017,
        "f1_binary": 0.8782608695652173,
        "micro_precision": 0.84,
        "micro_recall": 0.84,
        "micro_f1": 0.8399999999999999,
        "macro_precision": 0.8251753360607832,
        "macro_recall": 0.8200316364682196,
        "macro_f1": 0.8224637681159419,
        "true_positives": 101,
        "false_positives": 15,
        "true_negatives": 46,
        "false_negatives": 13,
        "distinct_true_labels": [
            0,
            1
        ],
        "distinct_pred_labels": [
            0,
            1
        ]
    },
    "vulgarity": {
        "accuracy": 0.9699261421432046,
        "precision_binary": 0.3981762917933131,
        "recall_binary": 0.47985347985347987,
        "f1_binary": 0.43521594684385384,
        "micro_precision": 0.9699261421432046,
        "micro_recall": 0.9699261421432046,
        "micro_f1": 0.9699261421432046,
        "macro_precision": 0.6926197816639776,
        "macro_recall": 0.7309532525032185,
        "macro_f1": 0.7098838605590072,
        "true_positives": 262,
        "false_positives": 396,
        "true_negatives": 21669,
        "false_negatives": 284,
        "distinct_true_labels": [
            0,
            1
        ],
        "distinct_pred_labels": [
            0,
            1
        ]
    },
    "target": {
        "accuracy": 0.9933218345053293,
        "macro_precision": 0.48366760431317396,
        "macro_recall": 0.503851091430497,
        "macro_f1": 0.49200120124061764,
        "weighted_precision": 0.9937369715560448,
        "weighted_recall": 0.9933218345053293,
        "weighted_f1": 0.9935241786351076,
        "micro_precision": 0.9933218345053293,
        "micro_recall": 0.9933218345053293,
        "micro_f1": 0.9933218345053293,
        "distinct_true_labels": [
            "GROUP",
            "INDIV",
            "O"
        ],
        "distinct_pred_labels": [
            "GROUP",
            "INDIV",
            "O"
        ]
    }
}