{
    "toxicity": {
        "accuracy": 0.8352272727272727,
        "precision_binary": 0.8695652173913043,
        "recall_binary": 0.8771929824561403,
        "f1_binary": 0.8733624454148472,
        "micro_precision": 0.8352272727272727,
        "micro_recall": 0.8352272727272727,
        "micro_f1": 0.8352272727272727,
        "macro_precision": 0.8200285103349965,
        "macro_recall": 0.8176287492925862,
        "macro_f1": 0.8187950438456351,
        "true_positives": 100,
        "false_positives": 15,
        "true_negatives": 47,
        "false_negatives": 14,
        "distinct_true_labels": [
            0,
            1
        ],
        "distinct_pred_labels": [
            0,
            1
        ]
    },
    "vulgarity": {
        "accuracy": 0.3263288009888752,
        "precision_binary": 0.4748201438848921,
        "recall_binary": 0.5106382978723404,
        "f1_binary": 0.4920782851817334,
        "micro_precision": 0.3263288009888752,
        "micro_recall": 0.3263288009888752,
        "micro_f1": 0.3263288009888752,
        "macro_precision": 0.23741007194244604,
        "macro_recall": 0.2553191489361702,
        "macro_f1": 0.2460391425908667,
        "true_positives": 264,
        "false_positives": 292,
        "true_negatives": 0,
        "false_negatives": 253,
        "distinct_true_labels": [
            0,
            1
        ],
        "distinct_pred_labels": [
            0,
            1
        ]
    },
    "target": {
        "accuracy": 0.1657142857142857,
        "macro_precision": 0.16940789473684212,
        "macro_recall": 0.2131578947368421,
        "macro_f1": 0.18623481781376516,
        "weighted_precision": 0.15071428571428572,
        "weighted_recall": 0.1657142857142857,
        "weighted_f1": 0.15648351648351647,
        "micro_precision": 0.1657142857142857,
        "micro_recall": 0.1657142857142857,
        "micro_f1": 0.1657142857142857,
        "distinct_true_labels": [
            "O",
            "GROUP",
            "INDIV"
        ],
        "distinct_pred_labels": [
            "O",
            "GROUP",
            "INDIV"
        ]
    }
}