{
    "toxicity": {
        "accuracy": 0.8820224719101124,
        "precision_binary": 0.8916666666666667,
        "recall_binary": 0.9304347826086956,
        "f1_binary": 0.9106382978723404,
        "micro_precision": 0.8820224719101124,
        "micro_recall": 0.8820224719101124,
        "micro_f1": 0.8820224719101124,
        "macro_precision": 0.8768678160919541,
        "macro_recall": 0.8620427881297446,
        "macro_f1": 0.8685422894320379,
        "true_positives": 107,
        "false_positives": 13,
        "true_negatives": 50,
        "false_negatives": 8,
        "distinct_true_labels": [
            0,
            1
        ],
        "distinct_pred_labels": [
            0,
            1
        ]
    },
    "vulgarity": {
        "accuracy": 0.34034653465346537,
        "precision_binary": 0.42569659442724456,
        "recall_binary": 0.6292906178489702,
        "f1_binary": 0.5078485687903971,
        "micro_precision": 0.34034653465346537,
        "micro_recall": 0.34034653465346537,
        "micro_f1": 0.34034653465346537,
        "macro_precision": 0.21284829721362228,
        "macro_recall": 0.3146453089244851,
        "macro_f1": 0.25392428439519854,
        "true_positives": 275,
        "false_positives": 371,
        "true_negatives": 0,
        "false_negatives": 162,
        "distinct_true_labels": [
            0,
            1
        ],
        "distinct_pred_labels": [
            0,
            1
        ]
    },
    "target": {
        "accuracy": 0.2087912087912088,
        "macro_precision": 0.1730848861283644,
        "macro_recall": 0.24414414414414418,
        "macro_f1": 0.2012413289521723,
        "weighted_precision": 0.16026209815029693,
        "weighted_recall": 0.2087912087912088,
        "weighted_f1": 0.1807349277228795,
        "micro_precision": 0.2087912087912088,
        "micro_recall": 0.2087912087912088,
        "micro_f1": 0.20879120879120883,
        "distinct_true_labels": [
            "O",
            "GROUP",
            "INDIV"
        ],
        "distinct_pred_labels": [
            "O",
            "GROUP",
            "INDIV"
        ]
    }
}