{
    "toxicity": {
        "accuracy": 0.8171428571428572,
        "precision_binary": 0.8482142857142857,
        "recall_binary": 0.8636363636363636,
        "f1_binary": 0.8558558558558559,
        "micro_precision": 0.8171428571428572,
        "micro_recall": 0.8171428571428572,
        "micro_f1": 0.8171428571428572,
        "macro_precision": 0.8050595238095237,
        "macro_recall": 0.8010489510489511,
        "macro_f1": 0.802927927927928,
        "true_positives": 95,
        "false_positives": 17,
        "true_negatives": 48,
        "false_negatives": 15,
        "distinct_true_labels": [
            0,
            1
        ],
        "distinct_pred_labels": [
            0,
            1
        ]
    },
    "vulgarity": {
        "accuracy": 0.9656636217087587,
        "precision_binary": 0.4336569579288026,
        "recall_binary": 0.48114901256732495,
        "f1_binary": 0.45617021276595743,
        "micro_precision": 0.9656636217087587,
        "micro_recall": 0.9656636217087587,
        "micro_f1": 0.9656636217087587,
        "macro_precision": 0.70879713169895,
        "macro_recall": 0.7308808265628405,
        "macro_f1": 0.7192211862831036,
        "true_positives": 268,
        "false_positives": 350,
        "true_negatives": 17703,
        "false_negatives": 289,
        "distinct_true_labels": [
            0,
            1
        ],
        "distinct_pred_labels": [
            0,
            1
        ]
    },
    "target": {
        "accuracy": 0.9927458355722729,
        "macro_precision": 0.5297704426309248,
        "macro_recall": 0.5972415843948621,
        "macro_f1": 0.5562223826624927,
        "weighted_precision": 0.993341159658586,
        "weighted_recall": 0.9927458355722729,
        "weighted_f1": 0.9930192374782651,
        "micro_precision": 0.9927458355722729,
        "micro_recall": 0.9927458355722729,
        "micro_f1": 0.9927458355722729,
        "distinct_true_labels": [
            "GROUP",
            "INDIV",
            "O"
        ],
        "distinct_pred_labels": [
            "GROUP",
            "INDIV",
            "O"
        ]
    }
}