{
    "toxicity": {
        "accuracy": 0.848314606741573,
        "precision_binary": 0.864406779661017,
        "recall_binary": 0.9026548672566371,
        "f1_binary": 0.8831168831168832,
        "micro_precision": 0.848314606741573,
        "micro_recall": 0.848314606741573,
        "micro_f1": 0.848314606741573,
        "macro_precision": 0.8405367231638419,
        "macro_recall": 0.8282505105513955,
        "macro_f1": 0.8335584415584416,
        "true_positives": 102,
        "false_positives": 16,
        "true_negatives": 49,
        "false_negatives": 11,
        "distinct_true_labels": [
            0,
            1
        ],
        "distinct_pred_labels": [
            0,
            1
        ]
    },
    "vulgarity": {
        "accuracy": 0.9791963950431843,
        "precision_binary": 0.39600665557404324,
        "recall_binary": 0.5547785547785548,
        "f1_binary": 0.46213592233009704,
        "micro_precision": 0.9791963950431843,
        "micro_recall": 0.9791963950431843,
        "micro_f1": 0.9791963950431843,
        "macro_precision": 0.694334343192915,
        "macro_recall": 0.7704620608708239,
        "macro_f1": 0.7257644957237313,
        "true_positives": 238,
        "false_positives": 363,
        "true_negatives": 25838,
        "false_negatives": 191,
        "distinct_true_labels": [
            0,
            1
        ],
        "distinct_pred_labels": [
            0,
            1
        ]
    },
    "target": {
        "accuracy": 0.9944799098760796,
        "macro_precision": 0.49779535074147957,
        "macro_recall": 0.56154488072637,
        "macro_f1": 0.5219126375012473,
        "weighted_precision": 0.995197952130228,
        "weighted_recall": 0.9944799098760796,
        "weighted_f1": 0.9948191029353153,
        "micro_precision": 0.9944799098760796,
        "micro_recall": 0.9944799098760796,
        "micro_f1": 0.9944799098760796,
        "distinct_true_labels": [
            "GROUP",
            "INDIV",
            "O"
        ],
        "distinct_pred_labels": [
            "GROUP",
            "INDIV",
            "O"
        ]
    }
}