{
    "accuracy": 0.7555555555555555,
    "precision_binary": 0.875,
    "recall_binary": 0.7241379310344828,
    "f1_binary": 0.7924528301886793,
    "micro_precision": 0.7555555555555555,
    "micro_recall": 0.7555555555555555,
    "micro_f1": 0.7555555555555555,
    "macro_precision": 0.7470238095238095,
    "macro_recall": 0.7683189655172413,
    "macro_f1": 0.7475777664456911,
    "true_positives": 84,
    "false_positives": 12,
    "true_negatives": 52,
    "false_negatives": 32,
    "distinct_true_labels": [
        0,
        1
    ],
    "distinct_pred_labels": [
        0,
        1
    ]
}