{
    "accuracy": 0.7666666666666667,
    "precision_binary": 0.9010989010989011,
    "recall_binary": 0.7130434782608696,
    "f1_binary": 0.7961165048543689,
    "micro_precision": 0.7666666666666667,
    "micro_recall": 0.7666666666666667,
    "micro_f1": 0.7666666666666667,
    "macro_precision": 0.7651561921224843,
    "macro_recall": 0.7872909698996655,
    "macro_f1": 0.761694616063548,
    "true_positives": 82,
    "false_positives": 9,
    "true_negatives": 56,
    "false_negatives": 33,
    "distinct_true_labels": [
        0,
        1
    ],
    "distinct_pred_labels": [
        0,
        1
    ]
}