{
    "accuracy": 0.7444444444444445,
    "precision_binary": 0.8977272727272727,
    "recall_binary": 0.6810344827586207,
    "f1_binary": 0.7745098039215687,
    "micro_precision": 0.7444444444444445,
    "micro_recall": 0.7444444444444445,
    "micro_f1": 0.7444444444444445,
    "macro_precision": 0.7477766798418972,
    "macro_recall": 0.7702047413793103,
    "macro_f1": 0.7398190045248869,
    "true_positives": 79,
    "false_positives": 9,
    "true_negatives": 55,
    "false_negatives": 37,
    "distinct_true_labels": [
        0,
        1
    ],
    "distinct_pred_labels": [
        0,
        1
    ]
}