{
    "accuracy": 0.8222222222222222,
    "precision_binary": 0.9662921348314607,
    "recall_binary": 0.7478260869565218,
    "f1_binary": 0.8431372549019608,
    "micro_precision": 0.8222222222222222,
    "micro_recall": 0.8222222222222222,
    "micro_f1": 0.8222222222222222,
    "macro_precision": 0.823805408075071,
    "macro_recall": 0.8508361204013378,
    "macro_f1": 0.8190045248868778,
    "true_positives": 86,
    "false_positives": 3,
    "true_negatives": 62,
    "false_negatives": 29,
    "distinct_true_labels": [
        0,
        1
    ],
    "distinct_pred_labels": [
        0,
        1
    ]
}