{
    "toxicity": {
        "accuracy": 0.6973684210526315,
        "precision_binary": 0.5795053003533569,
        "recall_binary": 0.8961748633879781,
        "f1_binary": 0.703862660944206,
        "micro_precision": 0.6973684210526315,
        "micro_recall": 0.6973684210526315,
        "micro_f1": 0.6973684210526315,
        "macro_precision": 0.7348393553789906,
        "macro_recall": 0.7301387137452711,
        "macro_f1": 0.6972228102927309,
        "true_positives": 164,
        "false_positives": 119,
        "true_negatives": 154,
        "false_negatives": 19,
        "distinct_true_labels": [
            0,
            1
        ],
        "distinct_pred_labels": [
            0,
            1
        ]
    },
    "vulgarity": {
        "accuracy": 0.9532833400891771,
        "precision_binary": 0.3393194706994329,
        "recall_binary": 0.6168384879725086,
        "f1_binary": 0.43780487804878054,
        "micro_precision": 0.9532833400891771,
        "micro_recall": 0.9532833400891771,
        "micro_f1": 0.9532833400891771,
        "macro_precision": 0.6636901454578651,
        "macro_recall": 0.7901724025954221,
        "macro_f1": 0.706716987554735,
        "true_positives": 359,
        "false_positives": 699,
        "true_negatives": 18455,
        "false_negatives": 223,
        "distinct_true_labels": [
            0,
            1
        ],
        "distinct_pred_labels": [
            0,
            1
        ]
    },
    "target": {
        "accuracy": 0.9859140656668017,
        "macro_precision": 0.5101997130685015,
        "macro_recall": 0.6230891664135215,
        "macro_f1": 0.5523079388924929,
        "weighted_precision": 0.9894473806235207,
        "weighted_recall": 0.9859140656668017,
        "weighted_f1": 0.9875161357069127,
        "micro_precision": 0.9859140656668017,
        "micro_recall": 0.9859140656668017,
        "micro_f1": 0.9859140656668017,
        "distinct_true_labels": [
            "INDIV",
            "GROUP",
            "O"
        ],
        "distinct_pred_labels": [
            "INDIV",
            "GROUP",
            "O"
        ]
    }
}