{
    "toxicity": {
        "accuracy": 0.7302631578947368,
        "precision_binary": 0.6125461254612546,
        "recall_binary": 0.9021739130434783,
        "f1_binary": 0.7296703296703297,
        "micro_precision": 0.7302631578947368,
        "micro_recall": 0.7302631578947368,
        "micro_f1": 0.7302631578947368,
        "macro_precision": 0.7576244140819787,
        "macro_recall": 0.7580722506393862,
        "macro_f1": 0.7302618606776157,
        "true_positives": 166,
        "false_positives": 105,
        "true_negatives": 167,
        "false_negatives": 18,
        "distinct_true_labels": [
            0,
            1
        ],
        "distinct_pred_labels": [
            0,
            1
        ]
    },
    "vulgarity": {
        "accuracy": 0.23953695458593055,
        "precision_binary": 0.30778032036613273,
        "recall_binary": 0.5193050193050193,
        "f1_binary": 0.3864942528735632,
        "micro_precision": 0.23953695458593055,
        "micro_recall": 0.23953695458593055,
        "micro_f1": 0.23953695458593055,
        "macro_precision": 0.15389016018306637,
        "macro_recall": 0.25965250965250963,
        "macro_f1": 0.1932471264367816,
        "true_positives": 269,
        "false_positives": 605,
        "true_negatives": 0,
        "false_negatives": 249,
        "distinct_true_labels": [
            0,
            1
        ],
        "distinct_pred_labels": [
            0,
            1
        ]
    },
    "target": {
        "accuracy": 0.1927710843373494,
        "macro_precision": 0.17317759030932298,
        "macro_recall": 0.2885898320680929,
        "macro_f1": 0.2158363991912764,
        "weighted_precision": 0.11814187313823758,
        "weighted_recall": 0.1927710843373494,
        "weighted_f1": 0.1460608267813224,
        "micro_precision": 0.1927710843373494,
        "micro_recall": 0.1927710843373494,
        "micro_f1": 0.1927710843373494,
        "distinct_true_labels": [
            "INDIV",
            "GROUP",
            "O"
        ],
        "distinct_pred_labels": [
            "INDIV",
            "GROUP",
            "O"
        ]
    }
}