{
    "toxicity": {
        "accuracy": 0.7089715536105032,
        "precision_binary": 0.5909090909090909,
        "recall_binary": 0.9135135135135135,
        "f1_binary": 0.7176220806794056,
        "micro_precision": 0.7089715536105032,
        "micro_recall": 0.7089715536105032,
        "micro_f1": 0.7089715536105031,
        "macro_precision": 0.7486709197235513,
        "macro_recall": 0.741683227344992,
        "macro_f1": 0.708698173522547,
        "true_positives": 169,
        "false_positives": 117,
        "true_negatives": 155,
        "false_negatives": 16,
        "distinct_true_labels": [
            0,
            1
        ],
        "distinct_pred_labels": [
            0,
            1
        ]
    },
    "vulgarity": {
        "accuracy": 0.9500286891659278,
        "precision_binary": 0.3119617224880383,
        "recall_binary": 0.5769911504424778,
        "f1_binary": 0.4049689440993789,
        "micro_precision": 0.9500286891659278,
        "micro_recall": 0.9500286891659278,
        "micro_f1": 0.9500286891659278,
        "macro_precision": 0.6493881215331067,
        "macro_recall": 0.7691738510462416,
        "macro_f1": 0.6894440713091907,
        "true_positives": 326,
        "false_positives": 719,
        "true_negatives": 17887,
        "false_negatives": 239,
        "distinct_true_labels": [
            0,
            1
        ],
        "distinct_pred_labels": [
            0,
            1
        ]
    },
    "target": {
        "accuracy": 0.9855510927964113,
        "macro_precision": 0.5155017400923261,
        "macro_recall": 0.6481467997698844,
        "macro_f1": 0.5630097360152708,
        "weighted_precision": 0.9895611098017985,
        "weighted_recall": 0.9855510927964113,
        "weighted_f1": 0.9873413432269205,
        "micro_precision": 0.9855510927964113,
        "micro_recall": 0.9855510927964113,
        "micro_f1": 0.9855510927964113,
        "distinct_true_labels": [
            "INDIV",
            "GROUP",
            "O"
        ],
        "distinct_pred_labels": [
            "INDIV",
            "GROUP",
            "O"
        ]
    }
}