{
    "toxicity": {
        "accuracy": 0.7280701754385965,
        "precision_binary": 0.605072463768116,
        "recall_binary": 0.9175824175824175,
        "f1_binary": 0.7292576419213973,
        "micro_precision": 0.7280701754385965,
        "micro_recall": 0.7280701754385965,
        "micro_f1": 0.7280701754385965,
        "macro_precision": 0.7608695652173914,
        "macro_recall": 0.7598860993021577,
        "macro_f1": 0.7280649443087163,
        "true_positives": 167,
        "false_positives": 109,
        "true_negatives": 165,
        "false_negatives": 15,
        "distinct_true_labels": [
            0,
            1
        ],
        "distinct_pred_labels": [
            0,
            1
        ]
    },
    "vulgarity": {
        "accuracy": 0.2540633019674936,
        "precision_binary": 0.30306122448979594,
        "recall_binary": 0.6111111111111112,
        "f1_binary": 0.40518417462482953,
        "micro_precision": 0.2540633019674936,
        "micro_recall": 0.2540633019674936,
        "micro_f1": 0.2540633019674936,
        "macro_precision": 0.15153061224489797,
        "macro_recall": 0.3055555555555556,
        "macro_f1": 0.20259208731241476,
        "true_positives": 297,
        "false_positives": 683,
        "true_negatives": 0,
        "false_negatives": 189,
        "distinct_true_labels": [
            0,
            1
        ],
        "distinct_pred_labels": [
            0,
            1
        ]
    },
    "target": {
        "accuracy": 0.209375,
        "macro_precision": 0.19340642947713882,
        "macro_recall": 0.28146997929606626,
        "macro_f1": 0.22895500411415703,
        "weighted_precision": 0.14536809129559186,
        "weighted_recall": 0.209375,
        "weighted_f1": 0.17135637261270625,
        "micro_precision": 0.209375,
        "micro_recall": 0.209375,
        "micro_f1": 0.209375,
        "distinct_true_labels": [
            "INDIV",
            "O",
            "GROUP"
        ],
        "distinct_pred_labels": [
            "INDIV",
            "O",
            "GROUP"
        ]
    }
}