{
    "toxicity": {
        "accuracy": 0.6885964912280702,
        "precision_binary": 0.5714285714285714,
        "recall_binary": 0.8961748633879781,
        "f1_binary": 0.697872340425532,
        "micro_precision": 0.6885964912280702,
        "micro_recall": 0.6885964912280702,
        "micro_f1": 0.6885964912280702,
        "macro_precision": 0.7295012679628063,
        "macro_recall": 0.7228127064192638,
        "macro_f1": 0.6883026860498702,
        "true_positives": 164,
        "false_positives": 123,
        "true_negatives": 150,
        "false_negatives": 19,
        "distinct_true_labels": [
            0,
            1
        ],
        "distinct_pred_labels": [
            0,
            1
        ]
    },
    "vulgarity": {
        "accuracy": 0.9503724687860665,
        "precision_binary": 0.32450331125827814,
        "recall_binary": 0.5965217391304348,
        "f1_binary": 0.42034313725490197,
        "micro_precision": 0.9503724687860665,
        "micro_recall": 0.9503724687860665,
        "micro_f1": 0.9503724687860665,
        "macro_precision": 0.655809000811033,
        "macro_recall": 0.7789500024694204,
        "macro_f1": 0.6972098235874422,
        "true_positives": 343,
        "false_positives": 714,
        "true_negatives": 17773,
        "false_negatives": 232,
        "distinct_true_labels": [
            0,
            1
        ],
        "distinct_pred_labels": [
            0,
            1
        ]
    },
    "target": {
        "accuracy": 0.9847340258105131,
        "macro_precision": 0.48951091628219173,
        "macro_recall": 0.6041753512371723,
        "macro_f1": 0.5297304747084897,
        "weighted_precision": 0.9885386930412008,
        "weighted_recall": 0.9847340258105131,
        "weighted_f1": 0.9864543764579184,
        "micro_precision": 0.9847340258105131,
        "micro_recall": 0.9847340258105131,
        "micro_f1": 0.9847340258105131,
        "distinct_true_labels": [
            "INDIV",
            "GROUP",
            "O"
        ],
        "distinct_pred_labels": [
            "INDIV",
            "GROUP",
            "O"
        ]
    }
}