{
    "accuracy": 0.8166666666666667,
    "precision_binary": 0.8727272727272727,
    "recall_binary": 0.8347826086956521,
    "f1_binary": 0.8533333333333334,
    "micro_precision": 0.8166666666666667,
    "micro_recall": 0.8166666666666667,
    "micro_f1": 0.8166666666666667,
    "macro_precision": 0.8006493506493506,
    "macro_recall": 0.8096989966555184,
    "macro_f1": 0.8044444444444445,
    "true_positives": 96,
    "false_positives": 14,
    "true_negatives": 51,
    "false_negatives": 19,
    "distinct_true_labels": [
        0,
        1
    ],
    "distinct_pred_labels": [
        0,
        1
    ]
}