{
    "accuracy": 0.770949720670391,
    "precision_binary": 0.8363636363636363,
    "recall_binary": 0.8,
    "f1_binary": 0.8177777777777778,
    "micro_precision": 0.770949720670391,
    "micro_recall": 0.770949720670391,
    "micro_f1": 0.770949720670391,
    "macro_precision": 0.7515151515151515,
    "macro_recall": 0.759375,
    "macro_f1": 0.7547535505430243,
    "true_positives": 92,
    "false_positives": 18,
    "true_negatives": 46,
    "false_negatives": 23,
    "distinct_true_labels": [
        0,
        1
    ],
    "distinct_pred_labels": [
        0,
        1
    ]
}