{
    "accuracy": 0.7833333333333333,
    "precision_binary": 0.8220338983050848,
    "recall_binary": 0.8434782608695652,
    "f1_binary": 0.8326180257510729,
    "micro_precision": 0.7833333333333333,
    "micro_recall": 0.7833333333333333,
    "micro_f1": 0.7833333333333333,
    "macro_precision": 0.7658556588299618,
    "macro_recall": 0.7602006688963211,
    "macro_f1": 0.7627657057889223,
    "true_positives": 97,
    "false_positives": 21,
    "true_negatives": 44,
    "false_negatives": 18,
    "distinct_true_labels": [
        0,
        1
    ],
    "distinct_pred_labels": [
        0,
        1
    ]
}