{
    "toxicity": {
        "accuracy": 0.8435754189944135,
        "precision_binary": 0.9393939393939394,
        "recall_binary": 0.808695652173913,
        "f1_binary": 0.8691588785046729,
        "micro_precision": 0.8435754189944135,
        "micro_recall": 0.8435754189944135,
        "micro_f1": 0.8435754189944135,
        "macro_precision": 0.8321969696969698,
        "macro_recall": 0.8574728260869565,
        "macro_f1": 0.8373572170301142,
        "true_positives": 93,
        "false_positives": 6,
        "true_negatives": 58,
        "false_negatives": 22,
        "distinct_true_labels": [
            0,
            1
        ],
        "distinct_pred_labels": [
            0,
            1
        ]
    },
    "vulgarity": {
        "accuracy": 0.972926267281106,
        "precision_binary": 0.6115107913669064,
        "recall_binary": 0.31954887218045114,
        "f1_binary": 0.41975308641975306,
        "micro_precision": 0.972926267281106,
        "micro_recall": 0.972926267281106,
        "micro_f1": 0.972926267281106,
        "macro_precision": 0.7951594467313399,
        "macro_recall": 0.6565654986050817,
        "macro_f1": 0.7029464340975202,
        "true_positives": 170,
        "false_positives": 108,
        "true_negatives": 16720,
        "false_negatives": 362,
        "distinct_true_labels": [
            0,
            1
        ],
        "distinct_pred_labels": [
            0,
            1
        ]
    },
    "target": {
        "accuracy": 0.9900345622119816,
        "macro_precision": 0.46438874091775295,
        "macro_recall": 0.5357740938317895,
        "macro_f1": 0.48961925159140934,
        "weighted_precision": 0.9921690034686005,
        "weighted_recall": 0.9900345622119816,
        "weighted_f1": 0.9910485132429878,
        "micro_precision": 0.9900345622119816,
        "micro_recall": 0.9900345622119816,
        "micro_f1": 0.9900345622119816,
        "distinct_true_labels": [
            "O",
            "INDIV",
            "GROUP"
        ],
        "distinct_pred_labels": [
            "O",
            "INDIV",
            "GROUP"
        ]
    }
}