{
    "toxicity": {
        "accuracy": 0.8666666666666667,
        "precision_binary": 0.96,
        "recall_binary": 0.8275862068965517,
        "f1_binary": 0.888888888888889,
        "micro_precision": 0.8666666666666667,
        "micro_recall": 0.8666666666666667,
        "micro_f1": 0.8666666666666667,
        "macro_precision": 0.855,
        "macro_recall": 0.8825431034482758,
        "macro_f1": 0.8611111111111112,
        "true_positives": 96,
        "false_positives": 4,
        "true_negatives": 60,
        "false_negatives": 20,
        "distinct_true_labels": [
            0,
            1
        ],
        "distinct_pred_labels": [
            0,
            1
        ]
    },
    "vulgarity": {
        "accuracy": 0.985341960010235,
        "precision_binary": 0.6353383458646616,
        "recall_binary": 0.3572938689217759,
        "f1_binary": 0.45737483085250336,
        "micro_precision": 0.985341960010235,
        "micro_recall": 0.985341960010235,
        "micro_f1": 0.985341960010235,
        "macro_precision": 0.8120584535052149,
        "macro_recall": 0.676842887444075,
        "macro_f1": 0.7249727327027686,
        "true_positives": 169,
        "false_positives": 97,
        "true_negatives": 26787,
        "false_negatives": 304,
        "distinct_true_labels": [
            0,
            1
        ],
        "distinct_pred_labels": [
            0,
            1
        ]
    },
    "target": {
        "accuracy": 0.9932741163139233,
        "macro_precision": 0.4716684281379782,
        "macro_recall": 0.5826223344037597,
        "macro_f1": 0.5095845018724195,
        "weighted_precision": 0.9951109759846024,
        "weighted_recall": 0.9932741163139233,
        "weighted_f1": 0.9941253236300076,
        "micro_precision": 0.9932741163139233,
        "micro_recall": 0.9932741163139233,
        "micro_f1": 0.9932741163139233,
        "distinct_true_labels": [
            "O",
            "INDIV",
            "GROUP"
        ],
        "distinct_pred_labels": [
            "O",
            "INDIV",
            "GROUP"
        ]
    }
}