{
    "toxicity": {
        "accuracy": 0.8277777777777777,
        "precision_binary": 0.9117647058823529,
        "recall_binary": 0.808695652173913,
        "f1_binary": 0.8571428571428571,
        "micro_precision": 0.8277777777777777,
        "micro_recall": 0.8277777777777777,
        "micro_f1": 0.8277777777777777,
        "macro_precision": 0.8148567119155354,
        "macro_recall": 0.8351170568561873,
        "macro_f1": 0.82017982017982,
        "true_positives": 93,
        "false_positives": 9,
        "true_negatives": 56,
        "false_negatives": 22,
        "distinct_true_labels": [
            0,
            1
        ],
        "distinct_pred_labels": [
            0,
            1
        ]
    },
    "vulgarity": {
        "accuracy": 0.9858575276863215,
        "precision_binary": 0.6271929824561403,
        "recall_binary": 0.32798165137614677,
        "f1_binary": 0.43072289156626503,
        "micro_precision": 0.9858575276863215,
        "micro_recall": 0.9858575276863215,
        "micro_f1": 0.9858575276863215,
        "macro_precision": 0.8080681893412778,
        "macro_recall": 0.6623743644070754,
        "macro_f1": 0.7117813578910277,
        "true_positives": 143,
        "false_positives": 85,
        "true_negatives": 26207,
        "false_negatives": 293,
        "distinct_true_labels": [
            0,
            1
        ],
        "distinct_pred_labels": [
            0,
            1
        ]
    },
    "target": {
        "accuracy": 0.9933403172702784,
        "macro_precision": 0.4607090698978453,
        "macro_recall": 0.5508079366867337,
        "macro_f1": 0.4910605840686501,
        "weighted_precision": 0.994849941031931,
        "weighted_recall": 0.9933403172702784,
        "weighted_f1": 0.9940507081917519,
        "micro_precision": 0.9933403172702784,
        "micro_recall": 0.9933403172702784,
        "micro_f1": 0.9933403172702784,
        "distinct_true_labels": [
            "O",
            "INDIV",
            "GROUP"
        ],
        "distinct_pred_labels": [
            "O",
            "INDIV",
            "GROUP"
        ]
    }
}