{
    "accuracy": 0.5277777777777778,
    "precision_binary": 0.8780487804878049,
    "recall_binary": 0.3103448275862069,
    "f1_binary": 0.4585987261146497,
    "micro_precision": 0.5277777777777778,
    "micro_recall": 0.5277777777777778,
    "micro_f1": 0.5277777777777778,
    "macro_precision": 0.6512546060712405,
    "macro_recall": 0.6161099137931034,
    "macro_f1": 0.5199397571459947,
    "true_positives": 36,
    "false_positives": 5,
    "true_negatives": 59,
    "false_negatives": 80,
    "distinct_true_labels": [
        0,
        1
    ],
    "distinct_pred_labels": [
        0,
        1
    ]
}