{
    "accuracy": 0.46373626373626375,
    "precision_binary": 0.42452830188679247,
    "recall_binary": 1.0,
    "f1_binary": 0.5960264900662252,
    "micro_precision": 0.46373626373626375,
    "micro_recall": 0.46373626373626375,
    "micro_f1": 0.46373626373626375,
    "macro_precision": 0.7122641509433962,
    "macro_recall": 0.5563636363636364,
    "macro_f1": 0.3993204345755963,
    "true_positives": 180,
    "false_positives": 244,
    "true_negatives": 31,
    "false_negatives": 0,
    "distinct_true_labels": [
        0,
        1
    ],
    "distinct_pred_labels": [
        0,
        1
    ]
}