{
    "accuracy": 0.45274725274725275,
    "precision_binary": 0.42093023255813955,
    "recall_binary": 1.0,
    "f1_binary": 0.5924713584288053,
    "micro_precision": 0.45274725274725275,
    "micro_recall": 0.45274725274725275,
    "micro_f1": 0.45274725274725275,
    "macro_precision": 0.7104651162790698,
    "macro_recall": 0.5456204379562044,
    "macro_f1": 0.3798477193481819,
    "true_positives": 181,
    "false_positives": 249,
    "true_negatives": 25,
    "false_negatives": 0,
    "distinct_true_labels": [
        0,
        1
    ],
    "distinct_pred_labels": [
        0,
        1
    ]
}