{
    "accuracy": 0.6885964912280702,
    "precision_binary": 0.6123595505617978,
    "recall_binary": 0.5989010989010989,
    "f1_binary": 0.6055555555555556,
    "micro_precision": 0.6885964912280702,
    "micro_recall": 0.6885964912280702,
    "micro_f1": 0.6885964912280702,
    "macro_precision": 0.674884811252122,
    "macro_recall": 0.6735381406914254,
    "macro_f1": 0.6741545893719807,
    "true_positives": 109,
    "false_positives": 69,
    "true_negatives": 205,
    "false_negatives": 73,
    "distinct_true_labels": [
        0,
        1
    ],
    "distinct_pred_labels": [
        0,
        1
    ]
}