{
    "accuracy": 0.6739606126914661,
    "precision_binary": 0.6153846153846154,
    "recall_binary": 0.518918918918919,
    "f1_binary": 0.5630498533724341,
    "micro_precision": 0.6739606126914661,
    "micro_recall": 0.6739606126914661,
    "micro_f1": 0.6739606126914661,
    "macro_precision": 0.6598517761308459,
    "macro_recall": 0.6491653418124006,
    "macro_f1": 0.6515074746792362,
    "true_positives": 96,
    "false_positives": 60,
    "true_negatives": 212,
    "false_negatives": 89,
    "distinct_true_labels": [
        0,
        1
    ],
    "distinct_pred_labels": [
        0,
        1
    ]
}