{
    "accuracy": 0.6447368421052632,
    "precision_binary": 0.5743243243243243,
    "recall_binary": 0.46195652173913043,
    "f1_binary": 0.5120481927710844,
    "micro_precision": 0.6447368421052632,
    "micro_recall": 0.6447368421052632,
    "micro_f1": 0.6447368421052632,
    "macro_precision": 0.6264478764478765,
    "macro_recall": 0.6151694373401535,
    "macro_f1": 0.6163689239717491,
    "true_positives": 85,
    "false_positives": 63,
    "true_negatives": 209,
    "false_negatives": 99,
    "distinct_true_labels": [
        0,
        1
    ],
    "distinct_pred_labels": [
        0,
        1
    ]
}