{
    "accuracy": 0.6535087719298246,
    "precision_binary": 0.5769230769230769,
    "recall_binary": 0.4945054945054945,
    "f1_binary": 0.5325443786982248,
    "micro_precision": 0.6535087719298246,
    "micro_recall": 0.6535087719298246,
    "micro_f1": 0.6535087719298246,
    "macro_precision": 0.6351282051282051,
    "macro_recall": 0.6268147910483677,
    "macro_f1": 0.6286415273282064,
    "true_positives": 90,
    "false_positives": 66,
    "true_negatives": 208,
    "false_negatives": 92,
    "distinct_true_labels": [
        0,
        1
    ],
    "distinct_pred_labels": [
        0,
        1
    ]
}