{
    "accuracy": 0.668859649122807,
    "precision_binary": 0.5952380952380952,
    "recall_binary": 0.546448087431694,
    "f1_binary": 0.5698005698005698,
    "micro_precision": 0.668859649122807,
    "micro_recall": 0.668859649122807,
    "micro_f1": 0.668859649122807,
    "macro_precision": 0.6535218253968254,
    "macro_recall": 0.6486819191737225,
    "macro_f1": 0.6503191797309444,
    "true_positives": 100,
    "false_positives": 68,
    "true_negatives": 205,
    "false_negatives": 83,
    "distinct_true_labels": [
        0,
        1
    ],
    "distinct_pred_labels": [
        0,
        1
    ]
}