{
    "accuracy": 0.6513157894736842,
    "precision_binary": 0.577639751552795,
    "recall_binary": 0.5054347826086957,
    "f1_binary": 0.5391304347826087,
    "micro_precision": 0.6513157894736842,
    "micro_recall": 0.6513157894736842,
    "micro_f1": 0.6513157894736842,
    "macro_precision": 0.6345825876408042,
    "macro_recall": 0.6277173913043479,
    "macro_f1": 0.6293535771796641,
    "true_positives": 93,
    "false_positives": 68,
    "true_negatives": 204,
    "false_negatives": 91,
    "distinct_true_labels": [
        0,
        1
    ],
    "distinct_pred_labels": [
        0,
        1
    ]
}