{
    "toxicity": {
        "accuracy": 0.8008752735229759,
        "precision_binary": 0.8916666666666667,
        "recall_binary": 0.5783783783783784,
        "f1_binary": 0.7016393442622951,
        "micro_precision": 0.8008752735229759,
        "micro_recall": 0.8008752735229759,
        "micro_f1": 0.800875273522976,
        "macro_precision": 0.8301063303659744,
        "macro_recall": 0.7652921303656597,
        "macro_f1": 0.7761070284529866,
        "true_positives": 107,
        "false_positives": 13,
        "true_negatives": 259,
        "false_negatives": 78,
        "distinct_true_labels": [
            0,
            1
        ],
        "distinct_pred_labels": [
            0,
            1
        ]
    },
    "vulgarity": {
        "accuracy": 0.9727217000408663,
        "precision_binary": 0.5862068965517241,
        "recall_binary": 0.26424870466321243,
        "f1_binary": 0.3642857142857143,
        "micro_precision": 0.9727217000408663,
        "micro_recall": 0.9727217000408663,
        "micro_f1": 0.9727217000408663,
        "macro_precision": 0.7820757495960795,
        "macro_recall": 0.6292817982441187,
        "macro_f1": 0.6751737612982132,
        "true_positives": 153,
        "false_positives": 108,
        "true_negatives": 18889,
        "false_negatives": 426,
        "distinct_true_labels": [
            0,
            1
        ],
        "distinct_pred_labels": [
            0,
            1
        ]
    },
    "target": {
        "accuracy": 0.9899366571311811,
        "macro_precision": 0.5768655774664616,
        "macro_recall": 0.5210932269941809,
        "macro_f1": 0.5404241007541756,
        "weighted_precision": 0.989248268168492,
        "weighted_recall": 0.9899366571311811,
        "weighted_f1": 0.9895079633361046,
        "micro_precision": 0.9899366571311811,
        "micro_recall": 0.9899366571311811,
        "micro_f1": 0.9899366571311811,
        "distinct_true_labels": [
            "GROUP",
            "INDIV",
            "O"
        ],
        "distinct_pred_labels": [
            "GROUP",
            "INDIV",
            "O"
        ]
    }
}