{
    "toxicity": {
        "accuracy": 0.7916666666666666,
        "precision_binary": 0.8859649122807017,
        "recall_binary": 0.5519125683060109,
        "f1_binary": 0.6801346801346801,
        "micro_precision": 0.7916666666666666,
        "micro_recall": 0.7916666666666666,
        "micro_f1": 0.7916666666666666,
        "macro_precision": 0.8230994152046783,
        "macro_recall": 0.7521467603434816,
        "macro_f1": 0.7628315677096165,
        "true_positives": 101,
        "false_positives": 13,
        "true_negatives": 260,
        "false_negatives": 82,
        "distinct_true_labels": [
            0,
            1
        ],
        "distinct_pred_labels": [
            0,
            1
        ]
    },
    "vulgarity": {
        "accuracy": 0.1712962962962963,
        "precision_binary": 0.6416184971098265,
        "recall_binary": 0.189419795221843,
        "f1_binary": 0.2924901185770751,
        "micro_precision": 0.1712962962962963,
        "micro_recall": 0.1712962962962963,
        "micro_f1": 0.1712962962962963,
        "macro_precision": 0.3208092485549133,
        "macro_recall": 0.0947098976109215,
        "macro_f1": 0.14624505928853754,
        "true_positives": 111,
        "false_positives": 62,
        "true_negatives": 0,
        "false_negatives": 475,
        "distinct_true_labels": [
            0,
            1
        ],
        "distinct_pred_labels": [
            0,
            1
        ]
    },
    "target": {
        "accuracy": 0.19291338582677164,
        "macro_precision": 0.23684210526315788,
        "macro_recall": 0.20831081486819192,
        "macro_f1": 0.21506118091483942,
        "weighted_precision": 0.20482801491918773,
        "weighted_recall": 0.19291338582677164,
        "weighted_f1": 0.19297138855425774,
        "micro_precision": 0.19291338582677164,
        "micro_recall": 0.19291338582677164,
        "micro_f1": 0.19291338582677164,
        "distinct_true_labels": [
            "GROUP",
            "O",
            "INDIV"
        ],
        "distinct_pred_labels": [
            "GROUP",
            "INDIV",
            "O"
        ]
    }
}