{
    "toxicity": {
        "accuracy": 0.7894736842105263,
        "precision_binary": 0.860655737704918,
        "recall_binary": 0.5706521739130435,
        "f1_binary": 0.6862745098039216,
        "micro_precision": 0.7894736842105263,
        "micro_recall": 0.7894736842105263,
        "micro_f1": 0.7894736842105263,
        "macro_precision": 0.8120643957985667,
        "macro_recall": 0.7540760869565217,
        "macro_f1": 0.7639293341098816,
        "true_positives": 105,
        "false_positives": 17,
        "true_negatives": 255,
        "false_negatives": 79,
        "distinct_true_labels": [
            0,
            1
        ],
        "distinct_pred_labels": [
            0,
            1
        ]
    },
    "vulgarity": {
        "accuracy": 0.9734177215189873,
        "precision_binary": 0.5857740585774058,
        "recall_binary": 0.25688073394495414,
        "f1_binary": 0.35714285714285715,
        "micro_precision": 0.9734177215189873,
        "micro_recall": 0.9734177215189873,
        "micro_f1": 0.9734177215189873,
        "macro_precision": 0.7820702994131621,
        "macro_recall": 0.6257523409067698,
        "macro_f1": 0.6717855604111529,
        "true_positives": 140,
        "false_positives": 99,
        "true_negatives": 18316,
        "false_negatives": 405,
        "distinct_true_labels": [
            0,
            1
        ],
        "distinct_pred_labels": [
            0,
            1
        ]
    },
    "target": {
        "accuracy": 0.9893459915611814,
        "macro_precision": 0.545359354850726,
        "macro_recall": 0.5305386715766788,
        "macro_f1": 0.5356888278652375,
        "weighted_precision": 0.9889628237631211,
        "weighted_recall": 0.9893459915611814,
        "weighted_f1": 0.9891314107904624,
        "micro_precision": 0.9893459915611814,
        "micro_recall": 0.9893459915611814,
        "micro_f1": 0.9893459915611814,
        "distinct_true_labels": [
            "GROUP",
            "INDIV",
            "O"
        ],
        "distinct_pred_labels": [
            "GROUP",
            "INDIV",
            "O"
        ]
    }
}