{
    "toxicity": {
        "accuracy": 0.7653508771929824,
        "precision_binary": 0.7906976744186046,
        "recall_binary": 0.5604395604395604,
        "f1_binary": 0.6559485530546624,
        "micro_precision": 0.7653508771929824,
        "micro_recall": 0.7653508771929824,
        "micro_f1": 0.7653508771929824,
        "macro_precision": 0.7730246781878956,
        "macro_recall": 0.7309497072270794,
        "macro_f1": 0.7389559736987121,
        "true_positives": 102,
        "false_positives": 27,
        "true_negatives": 247,
        "false_negatives": 80,
        "distinct_true_labels": [
            0,
            1
        ],
        "distinct_pred_labels": [
            0,
            1
        ]
    },
    "vulgarity": {
        "accuracy": 0.2159468438538206,
        "precision_binary": 0.5284552845528455,
        "recall_binary": 0.2674897119341564,
        "f1_binary": 0.3551912568306011,
        "micro_precision": 0.2159468438538206,
        "micro_recall": 0.2159468438538206,
        "micro_f1": 0.21594684385382057,
        "macro_precision": 0.26422764227642276,
        "macro_recall": 0.1337448559670782,
        "macro_f1": 0.17759562841530055,
        "true_positives": 130,
        "false_positives": 116,
        "true_negatives": 0,
        "false_negatives": 356,
        "distinct_true_labels": [
            0,
            1
        ],
        "distinct_pred_labels": [
            0,
            1
        ]
    },
    "target": {
        "accuracy": 0.15272727272727274,
        "macro_precision": 0.17862838915470491,
        "macro_recall": 0.1658385093167702,
        "macro_f1": 0.1672628172372679,
        "weighted_precision": 0.1574597651152675,
        "weighted_recall": 0.15272727272727274,
        "weighted_f1": 0.15102894040042736,
        "micro_precision": 0.15272727272727274,
        "micro_recall": 0.15272727272727274,
        "micro_f1": 0.15272727272727274,
        "distinct_true_labels": [
            "GROUP",
            "INDIV",
            "O"
        ],
        "distinct_pred_labels": [
            "GROUP",
            "INDIV",
            "O"
        ]
    }
}