{
    "toxicity": {
        "accuracy": 0.7680525164113785,
        "precision_binary": 0.7969924812030075,
        "recall_binary": 0.572972972972973,
        "f1_binary": 0.6666666666666666,
        "micro_precision": 0.7680525164113785,
        "micro_recall": 0.7680525164113785,
        "micro_f1": 0.7680525164113785,
        "macro_precision": 0.7765826603545902,
        "macro_recall": 0.73685413354531,
        "macro_f1": 0.744407158836689,
        "true_positives": 106,
        "false_positives": 27,
        "true_negatives": 245,
        "false_negatives": 79,
        "distinct_true_labels": [
            0,
            1
        ],
        "distinct_pred_labels": [
            0,
            1
        ]
    },
    "vulgarity": {
        "accuracy": 0.2350230414746544,
        "precision_binary": 0.6401673640167364,
        "recall_binary": 0.27079646017699116,
        "f1_binary": 0.3805970149253731,
        "micro_precision": 0.2350230414746544,
        "micro_recall": 0.2350230414746544,
        "micro_f1": 0.2350230414746544,
        "macro_precision": 0.3200836820083682,
        "macro_recall": 0.13539823008849558,
        "macro_f1": 0.19029850746268656,
        "true_positives": 153,
        "false_positives": 86,
        "true_negatives": 0,
        "false_negatives": 412,
        "distinct_true_labels": [
            0,
            1
        ],
        "distinct_pred_labels": [
            0,
            1
        ]
    },
    "target": {
        "accuracy": 0.2076923076923077,
        "macro_precision": 0.257206498951782,
        "macro_recall": 0.228033018355599,
        "macro_f1": 0.24020694752402072,
        "weighted_precision": 0.2256198597000484,
        "weighted_recall": 0.2076923076923077,
        "weighted_f1": 0.21487975439194953,
        "micro_precision": 0.2076923076923077,
        "micro_recall": 0.2076923076923077,
        "micro_f1": 0.2076923076923077,
        "distinct_true_labels": [
            "GROUP",
            "INDIV",
            "O"
        ],
        "distinct_pred_labels": [
            "GROUP",
            "INDIV",
            "O"
        ]
    }
}