{
    "toxicity": {
        "accuracy": 0.7960526315789473,
        "precision_binary": 0.8296296296296296,
        "recall_binary": 0.6153846153846154,
        "f1_binary": 0.7066246056782335,
        "micro_precision": 0.7960526315789473,
        "micro_recall": 0.7960526315789473,
        "micro_f1": 0.7960526315789473,
        "macro_precision": 0.8057805469020423,
        "macro_recall": 0.7657215047725997,
        "macro_f1": 0.7751610423349151,
        "true_positives": 112,
        "false_positives": 23,
        "true_negatives": 251,
        "false_negatives": 70,
        "distinct_true_labels": [
            0,
            1
        ],
        "distinct_pred_labels": [
            0,
            1
        ]
    },
    "vulgarity": {
        "accuracy": 0.9736870600974553,
        "precision_binary": 0.5732758620689655,
        "recall_binary": 0.25576923076923075,
        "f1_binary": 0.3537234042553191,
        "micro_precision": 0.9736870600974553,
        "micro_recall": 0.9736870600974553,
        "micro_f1": 0.9736870600974553,
        "macro_precision": 0.7760282150568536,
        "macro_recall": 0.6251269552174845,
        "macro_f1": 0.6701467690006562,
        "true_positives": 133,
        "false_positives": 99,
        "true_negatives": 17851,
        "false_negatives": 387,
        "distinct_true_labels": [
            0,
            1
        ],
        "distinct_pred_labels": [
            0,
            1
        ]
    },
    "target": {
        "accuracy": 0.9892799133730373,
        "macro_precision": 0.5840341828659585,
        "macro_recall": 0.5612156658132414,
        "macro_f1": 0.5685229865377708,
        "weighted_precision": 0.9893974652980921,
        "weighted_recall": 0.9892799133730373,
        "weighted_f1": 0.9892915483170162,
        "micro_precision": 0.9892799133730373,
        "micro_recall": 0.9892799133730373,
        "micro_f1": 0.9892799133730373,
        "distinct_true_labels": [
            "GROUP",
            "INDIV",
            "O"
        ],
        "distinct_pred_labels": [
            "GROUP",
            "INDIV",
            "O"
        ]
    }
}