{
    "toxicity": {
        "accuracy": 0.6469298245614035,
        "precision_binary": 0.5333333333333333,
        "recall_binary": 0.9617486338797814,
        "f1_binary": 0.6861598440545809,
        "micro_precision": 0.6469298245614035,
        "micro_recall": 0.6469298245614035,
        "micro_f1": 0.6469298245614035,
        "macro_precision": 0.7388888888888889,
        "macro_recall": 0.6988230348886086,
        "macro_f1": 0.6413255360623782,
        "true_positives": 176,
        "false_positives": 154,
        "true_negatives": 119,
        "false_negatives": 7,
        "distinct_true_labels": [
            0,
            1
        ],
        "distinct_pred_labels": [
            0,
            1
        ]
    },
    "vulgarity": {
        "accuracy": 0.2780612244897959,
        "precision_binary": 0.35659760087241005,
        "recall_binary": 0.5580204778156996,
        "f1_binary": 0.4351297405189621,
        "micro_precision": 0.2780612244897959,
        "micro_recall": 0.2780612244897959,
        "micro_f1": 0.2780612244897959,
        "macro_precision": 0.17829880043620502,
        "macro_recall": 0.2790102389078498,
        "macro_f1": 0.21756487025948104,
        "true_positives": 327,
        "false_positives": 590,
        "true_negatives": 0,
        "false_negatives": 259,
        "distinct_true_labels": [
            0,
            1
        ],
        "distinct_pred_labels": [
            0,
            1
        ]
    },
    "target": {
        "accuracy": 0.1686746987951807,
        "macro_precision": 0.13732555479295355,
        "macro_recall": 0.3194619588062211,
        "macro_f1": 0.19165671047391475,
        "weighted_precision": 0.07401369375925114,
        "weighted_recall": 0.1686746987951807,
        "weighted_f1": 0.102650746354594,
        "micro_precision": 0.1686746987951807,
        "micro_recall": 0.1686746987951807,
        "micro_f1": 0.1686746987951807,
        "distinct_true_labels": [
            "INDIV",
            "O",
            "GROUP"
        ],
        "distinct_pred_labels": [
            "INDIV",
            "O",
            "GROUP"
        ]
    }
}