{
    "toxicity": {
        "accuracy": 0.6389496717724289,
        "precision_binary": 0.5314465408805031,
        "recall_binary": 0.9135135135135135,
        "f1_binary": 0.6719681908548707,
        "micro_precision": 0.6389496717724289,
        "micro_recall": 0.6389496717724289,
        "micro_f1": 0.6389496717724289,
        "macro_precision": 0.7081693136057192,
        "macro_recall": 0.6828596979332273,
        "macro_f1": 0.635254168420136,
        "true_positives": 169,
        "false_positives": 149,
        "true_negatives": 123,
        "false_negatives": 16,
        "distinct_true_labels": [
            0,
            1
        ],
        "distinct_pred_labels": [
            0,
            1
        ]
    },
    "vulgarity": {
        "accuracy": 0.24979114452798662,
        "precision_binary": 0.3260632497273719,
        "recall_binary": 0.5164075993091537,
        "f1_binary": 0.39973262032085566,
        "micro_precision": 0.24979114452798662,
        "micro_recall": 0.24979114452798662,
        "micro_f1": 0.24979114452798662,
        "macro_precision": 0.16303162486368594,
        "macro_recall": 0.25820379965457685,
        "macro_f1": 0.19986631016042783,
        "true_positives": 299,
        "false_positives": 618,
        "true_negatives": 0,
        "false_negatives": 280,
        "distinct_true_labels": [
            0,
            1
        ],
        "distinct_pred_labels": [
            0,
            1
        ]
    },
    "target": {
        "accuracy": 0.16953316953316952,
        "macro_precision": 0.14109862671660425,
        "macro_recall": 0.3041554659498208,
        "macro_f1": 0.18969719643120317,
        "weighted_precision": 0.08271319327499103,
        "weighted_recall": 0.16953316953316952,
        "weighted_f1": 0.10942773477208739,
        "micro_precision": 0.16953316953316952,
        "micro_recall": 0.16953316953316952,
        "micro_f1": 0.16953316953316952,
        "distinct_true_labels": [
            "INDIV",
            "O",
            "GROUP"
        ],
        "distinct_pred_labels": [
            "INDIV",
            "O",
            "GROUP"
        ]
    }
}