{
    "toxicity": {
        "accuracy": 0.6403508771929824,
        "precision_binary": 0.5304878048780488,
        "recall_binary": 0.9456521739130435,
        "f1_binary": 0.6796875,
        "micro_precision": 0.6403508771929824,
        "micro_recall": 0.6403508771929824,
        "micro_f1": 0.6403508771929824,
        "macro_precision": 0.7261814024390244,
        "macro_recall": 0.6897378516624041,
        "macro_f1": 0.63484375,
        "true_positives": 174,
        "false_positives": 154,
        "true_negatives": 118,
        "false_negatives": 10,
        "distinct_true_labels": [
            0,
            1
        ],
        "distinct_pred_labels": [
            0,
            1
        ]
    },
    "vulgarity": {
        "accuracy": 0.24440619621342513,
        "precision_binary": 0.31520532741398444,
        "recall_binary": 0.5211009174311927,
        "f1_binary": 0.39280774550484093,
        "micro_precision": 0.24440619621342513,
        "micro_recall": 0.24440619621342513,
        "micro_f1": 0.24440619621342513,
        "macro_precision": 0.15760266370699222,
        "macro_recall": 0.26055045871559634,
        "macro_f1": 0.19640387275242047,
        "true_positives": 284,
        "false_positives": 617,
        "true_negatives": 0,
        "false_negatives": 261,
        "distinct_true_labels": [
            0,
            1
        ],
        "distinct_pred_labels": [
            0,
            1
        ]
    },
    "target": {
        "accuracy": 0.1585081585081585,
        "macro_precision": 0.13225210970464135,
        "macro_recall": 0.2972677595628415,
        "macro_f1": 0.17918313570487485,
        "weighted_precision": 0.0754763432769762,
        "weighted_recall": 0.1585081585081585,
        "weighted_f1": 0.10024231368104886,
        "micro_precision": 0.1585081585081585,
        "micro_recall": 0.1585081585081585,
        "micro_f1": 0.1585081585081585,
        "distinct_true_labels": [
            "INDIV",
            "O",
            "GROUP"
        ],
        "distinct_pred_labels": [
            "INDIV",
            "O",
            "GROUP"
        ]
    }
}