{
    "toxicity": {
        "accuracy": 0.6710526315789473,
        "precision_binary": 0.551948051948052,
        "recall_binary": 0.9340659340659341,
        "f1_binary": 0.6938775510204082,
        "micro_precision": 0.6710526315789473,
        "micro_recall": 0.6710526315789473,
        "micro_f1": 0.6710526315789473,
        "macro_precision": 0.7354334854334854,
        "macro_recall": 0.7152081495147189,
        "macro_f1": 0.6692136570267918,
        "true_positives": 170,
        "false_positives": 138,
        "true_negatives": 136,
        "false_negatives": 12,
        "distinct_true_labels": [
            0,
            1
        ],
        "distinct_pred_labels": [
            0,
            1
        ]
    },
    "vulgarity": {
        "accuracy": 0.9577664399092971,
        "precision_binary": 0.33872976338729766,
        "recall_binary": 0.5596707818930041,
        "f1_binary": 0.42203258339798294,
        "micro_precision": 0.9577664399092971,
        "micro_recall": 0.9577664399092971,
        "micro_f1": 0.9577664399092971,
        "macro_precision": 0.6630098303187009,
        "macro_recall": 0.7643579512822838,
        "macro_f1": 0.7000575084916719,
        "true_positives": 272,
        "false_positives": 531,
        "true_negatives": 16623,
        "false_negatives": 214,
        "distinct_true_labels": [
            0,
            1
        ],
        "distinct_pred_labels": [
            0,
            1
        ]
    },
    "target": {
        "accuracy": 0.980498866213152,
        "macro_precision": 0.4691326457042307,
        "macro_recall": 0.6064503687214474,
        "macro_f1": 0.5133981521367876,
        "weighted_precision": 0.9875529054182851,
        "weighted_recall": 0.980498866213152,
        "weighted_f1": 0.9836899892586652,
        "micro_precision": 0.980498866213152,
        "micro_recall": 0.980498866213152,
        "micro_f1": 0.980498866213152,
        "distinct_true_labels": [
            "GROUP",
            "INDIV",
            "O"
        ],
        "distinct_pred_labels": [
            "GROUP",
            "INDIV",
            "O"
        ]
    }
}