{
    "toxicity": {
        "accuracy": 0.8114035087719298,
        "precision_binary": 0.8129032258064516,
        "recall_binary": 0.6885245901639344,
        "f1_binary": 0.7455621301775148,
        "micro_precision": 0.8114035087719298,
        "micro_recall": 0.8114035087719298,
        "micro_f1": 0.8114035087719298,
        "macro_precision": 0.811767227521166,
        "macro_recall": 0.7911487419684141,
        "macro_f1": 0.7978681731026948,
        "true_positives": 126,
        "false_positives": 29,
        "true_negatives": 244,
        "false_negatives": 57,
        "distinct_true_labels": [
            0,
            1
        ],
        "distinct_pred_labels": [
            0,
            1
        ]
    },
    "vulgarity": {
        "accuracy": 0.24,
        "precision_binary": 0.5957446808510638,
        "recall_binary": 0.28668941979522183,
        "f1_binary": 0.3870967741935484,
        "micro_precision": 0.24,
        "micro_recall": 0.24,
        "micro_f1": 0.24,
        "macro_precision": 0.2978723404255319,
        "macro_recall": 0.14334470989761092,
        "macro_f1": 0.1935483870967742,
        "true_positives": 168,
        "false_positives": 114,
        "true_negatives": 0,
        "false_negatives": 418,
        "distinct_true_labels": [
            0,
            1
        ],
        "distinct_pred_labels": [
            0,
            1
        ]
    },
    "target": {
        "accuracy": 0.22857142857142856,
        "macro_precision": 0.24227313566936207,
        "macro_recall": 0.2758662102924398,
        "macro_f1": 0.2528290423027265,
        "weighted_precision": 0.18972035040431268,
        "weighted_recall": 0.22857142857142856,
        "weighted_f1": 0.20327523353839141,
        "micro_precision": 0.22857142857142856,
        "micro_recall": 0.22857142857142856,
        "micro_f1": 0.22857142857142856,
        "distinct_true_labels": [
            "O",
            "GROUP",
            "INDIV"
        ],
        "distinct_pred_labels": [
            "GROUP",
            "INDIV",
            "O"
        ]
    }
}