{
    "toxicity": {
        "accuracy": 0.7916666666666666,
        "precision_binary": 0.7636363636363637,
        "recall_binary": 0.6923076923076923,
        "f1_binary": 0.7262247838616716,
        "micro_precision": 0.7916666666666666,
        "micro_recall": 0.7916666666666666,
        "micro_f1": 0.7916666666666666,
        "macro_precision": 0.7855982505467042,
        "macro_recall": 0.7749859629421674,
        "macro_f1": 0.7790415954706588,
        "true_positives": 126,
        "false_positives": 39,
        "true_negatives": 235,
        "false_negatives": 56,
        "distinct_true_labels": [
            0,
            1
        ],
        "distinct_pred_labels": [
            0,
            1
        ]
    },
    "vulgarity": {
        "accuracy": 0.27104377104377103,
        "precision_binary": 0.5985130111524164,
        "recall_binary": 0.33127572016460904,
        "f1_binary": 0.42649006622516555,
        "micro_precision": 0.27104377104377103,
        "micro_recall": 0.27104377104377103,
        "micro_f1": 0.27104377104377103,
        "macro_precision": 0.2992565055762082,
        "macro_recall": 0.16563786008230452,
        "macro_f1": 0.21324503311258278,
        "true_positives": 161,
        "false_positives": 108,
        "true_negatives": 0,
        "false_negatives": 325,
        "distinct_true_labels": [
            0,
            1
        ],
        "distinct_pred_labels": [
            0,
            1
        ]
    },
    "target": {
        "accuracy": 0.16387959866220736,
        "macro_precision": 0.18553128016144602,
        "macro_recall": 0.19917184265010354,
        "macro_f1": 0.18864443198804182,
        "weighted_precision": 0.14715631027703996,
        "weighted_recall": 0.16387959866220736,
        "weighted_f1": 0.1522896763501657,
        "micro_precision": 0.16387959866220736,
        "micro_recall": 0.16387959866220736,
        "micro_f1": 0.16387959866220736,
        "distinct_true_labels": [
            "GROUP",
            "INDIV",
            "O"
        ],
        "distinct_pred_labels": [
            "O",
            "GROUP",
            "INDIV"
        ]
    }
}