{
    "toxicity": {
        "accuracy": 0.8289473684210527,
        "precision_binary": 0.8034682080924855,
        "recall_binary": 0.7595628415300546,
        "f1_binary": 0.7808988764044944,
        "micro_precision": 0.8289473684210527,
        "micro_recall": 0.8289473684210527,
        "micro_f1": 0.8289473684210527,
        "macro_precision": 0.8239955881451827,
        "macro_recall": 0.817510358493965,
        "macro_f1": 0.8203055533101609,
        "true_positives": 139,
        "false_positives": 34,
        "true_negatives": 239,
        "false_negatives": 44,
        "distinct_true_labels": [
            0,
            1
        ],
        "distinct_pred_labels": [
            0,
            1
        ]
    },
    "vulgarity": {
        "accuracy": 0.2675862068965517,
        "precision_binary": 0.563953488372093,
        "recall_binary": 0.3373913043478261,
        "f1_binary": 0.42219804134929273,
        "micro_precision": 0.2675862068965517,
        "micro_recall": 0.2675862068965517,
        "micro_f1": 0.2675862068965517,
        "macro_precision": 0.2819767441860465,
        "macro_recall": 0.16869565217391305,
        "macro_f1": 0.21109902067464636,
        "true_positives": 194,
        "false_positives": 150,
        "true_negatives": 0,
        "false_negatives": 381,
        "distinct_true_labels": [
            0,
            1
        ],
        "distinct_pred_labels": [
            0,
            1
        ]
    },
    "target": {
        "accuracy": 0.22602739726027396,
        "macro_precision": 0.2372843874391862,
        "macro_recall": 0.28638340582134497,
        "macro_f1": 0.2589348635860264,
        "weighted_precision": 0.183007124984096,
        "weighted_recall": 0.22602739726027396,
        "weighted_f1": 0.20177242318051494,
        "micro_precision": 0.22602739726027396,
        "micro_recall": 0.22602739726027396,
        "micro_f1": 0.22602739726027396,
        "distinct_true_labels": [
            "GROUP",
            "INDIV",
            "O"
        ],
        "distinct_pred_labels": [
            "O",
            "GROUP",
            "INDIV"
        ]
    }
}