{
    "toxicity": {
        "accuracy": 0.7680525164113785,
        "precision_binary": 0.7365269461077845,
        "recall_binary": 0.6648648648648648,
        "f1_binary": 0.6988636363636364,
        "micro_precision": 0.7680525164113785,
        "micro_recall": 0.7680525164113785,
        "micro_f1": 0.7680525164113785,
        "macro_precision": 0.7613669213297543,
        "macro_recall": 0.751550079491256,
        "macro_f1": 0.7551257683597541,
        "true_positives": 123,
        "false_positives": 44,
        "true_negatives": 228,
        "false_negatives": 62,
        "distinct_true_labels": [
            0,
            1
        ],
        "distinct_pred_labels": [
            0,
            1
        ]
    },
    "vulgarity": {
        "accuracy": 0.9732408325074331,
        "precision_binary": 0.589041095890411,
        "recall_binary": 0.30442477876106194,
        "f1_binary": 0.4014002333722287,
        "micro_precision": 0.9732408325074331,
        "micro_recall": 0.9732408325074331,
        "micro_f1": 0.9732408325074332,
        "macro_precision": 0.7841121576702968,
        "macro_recall": 0.6489876231760808,
        "macro_f1": 0.6938573795912765,
        "true_positives": 172,
        "false_positives": 120,
        "true_negatives": 18486,
        "false_negatives": 393,
        "distinct_true_labels": [
            0,
            1
        ],
        "distinct_pred_labels": [
            0,
            1
        ]
    },
    "target": {
        "accuracy": 0.9886286578686558,
        "macro_precision": 0.5655350620628911,
        "macro_recall": 0.5788476073741893,
        "macro_f1": 0.5701356133581602,
        "weighted_precision": 0.9893199979320727,
        "weighted_recall": 0.9886286578686558,
        "weighted_f1": 0.988944724038451,
        "micro_precision": 0.9886286578686558,
        "micro_recall": 0.9886286578686558,
        "micro_f1": 0.9886286578686558,
        "distinct_true_labels": [
            "GROUP",
            "O",
            "INDIV"
        ],
        "distinct_pred_labels": [
            "GROUP",
            "O",
            "INDIV"
        ]
    }
}