{
    "accuracy": 0.6373626373626373,
    "precision_binary": 0.5277777777777778,
    "recall_binary": 0.8397790055248618,
    "f1_binary": 0.6481876332622601,
    "micro_precision": 0.6373626373626373,
    "micro_recall": 0.6373626373626373,
    "micro_f1": 0.6373626373626373,
    "macro_precision": 0.6770625415834997,
    "macro_recall": 0.6717143202806791,
    "macro_f1": 0.6370189866991574,
    "true_positives": 152,
    "false_positives": 136,
    "true_negatives": 138,
    "false_negatives": 29,
    "distinct_true_labels": [
        0,
        1
    ],
    "distinct_pred_labels": [
        0,
        1
    ]
}