{
    "accuracy": 0.6637362637362637,
    "precision_binary": 0.5490909090909091,
    "recall_binary": 0.8388888888888889,
    "f1_binary": 0.6637362637362637,
    "micro_precision": 0.6637362637362637,
    "micro_recall": 0.6637362637362637,
    "micro_f1": 0.6637362637362637,
    "macro_precision": 0.6939898989898989,
    "macro_recall": 0.6939898989898989,
    "macro_f1": 0.6637362637362637,
    "true_positives": 151,
    "false_positives": 124,
    "true_negatives": 151,
    "false_negatives": 29,
    "distinct_true_labels": [
        0,
        1
    ],
    "distinct_pred_labels": [
        0,
        1
    ]
}