{
    "accuracy": 0.6747252747252748,
    "precision_binary": 0.5595667870036101,
    "recall_binary": 0.856353591160221,
    "f1_binary": 0.6768558951965066,
    "micro_precision": 0.6747252747252748,
    "micro_recall": 0.6747252747252748,
    "micro_f1": 0.6747252747252748,
    "macro_precision": 0.7067496856366364,
    "macro_recall": 0.7055490583538331,
    "macro_f1": 0.6747111334389613,
    "true_positives": 155,
    "false_positives": 122,
    "true_negatives": 152,
    "false_negatives": 26,
    "distinct_true_labels": [
        0,
        1
    ],
    "distinct_pred_labels": [
        0,
        1
    ]
}