{
    "accuracy": 0.6885964912280702,
    "precision_binary": 0.5699300699300699,
    "recall_binary": 0.8956043956043956,
    "f1_binary": 0.6965811965811965,
    "micro_precision": 0.6885964912280702,
    "micro_recall": 0.6885964912280702,
    "micro_f1": 0.6885964912280702,
    "macro_precision": 0.7290826820238585,
    "macro_recall": 0.7233496430576722,
    "macro_f1": 0.6883806883806884,
    "true_positives": 163,
    "false_positives": 123,
    "true_negatives": 151,
    "false_negatives": 19,
    "distinct_true_labels": [
        0,
        1
    ],
    "distinct_pred_labels": [
        0,
        1
    ]
}