{
    "accuracy": 0.6535087719298246,
    "precision_binary": 0.782608695652174,
    "recall_binary": 0.1956521739130435,
    "f1_binary": 0.3130434782608696,
    "micro_precision": 0.6535087719298246,
    "micro_recall": 0.6535087719298246,
    "micro_f1": 0.6535087719298246,
    "macro_precision": 0.7108165429480382,
    "macro_recall": 0.5794437340153453,
    "macro_f1": 0.5406859620043352,
    "true_positives": 36,
    "false_positives": 10,
    "true_negatives": 262,
    "false_negatives": 148,
    "distinct_true_labels": [
        0,
        1
    ],
    "distinct_pred_labels": [
        0,
        1
    ]
}