{
    "accuracy": 0.6455142231947484,
    "precision_binary": 0.7446808510638298,
    "recall_binary": 0.1891891891891892,
    "f1_binary": 0.30172413793103453,
    "micro_precision": 0.6455142231947484,
    "micro_recall": 0.6455142231947484,
    "micro_f1": 0.6455142231947484,
    "macro_precision": 0.6894135962636222,
    "macro_recall": 0.5725357710651828,
    "macro_f1": 0.5320937405197694,
    "true_positives": 35,
    "false_positives": 12,
    "true_negatives": 260,
    "false_negatives": 150,
    "distinct_true_labels": [
        0,
        1
    ],
    "distinct_pred_labels": [
        0,
        1
    ]
}