{
    "toxicity": {
        "accuracy": 0.8611111111111112,
        "precision_binary": 0.8947368421052632,
        "recall_binary": 0.8869565217391304,
        "f1_binary": 0.8908296943231442,
        "micro_precision": 0.8611111111111112,
        "micro_recall": 0.8611111111111112,
        "micro_f1": 0.8611111111111112,
        "macro_precision": 0.848883572567783,
        "macro_recall": 0.8511705685618729,
        "macro_f1": 0.8499949998333278,
        "true_positives": 102,
        "false_positives": 12,
        "true_negatives": 53,
        "false_negatives": 13,
        "distinct_true_labels": [
            0,
            1
        ],
        "distinct_pred_labels": [
            0,
            1
        ]
    },
    "vulgarity": {
        "accuracy": 0.25786924939467315,
        "precision_binary": 0.3830935251798561,
        "recall_binary": 0.4409937888198758,
        "f1_binary": 0.41000962463907603,
        "micro_precision": 0.25786924939467315,
        "micro_recall": 0.25786924939467315,
        "micro_f1": 0.25786924939467315,
        "macro_precision": 0.19154676258992806,
        "macro_recall": 0.2204968944099379,
        "macro_f1": 0.20500481231953802,
        "true_positives": 213,
        "false_positives": 343,
        "true_negatives": 0,
        "false_negatives": 270,
        "distinct_true_labels": [
            0,
            1
        ],
        "distinct_pred_labels": [
            0,
            1
        ]
    },
    "target": {
        "accuracy": 0.13333333333333333,
        "macro_precision": 0.12072463768115942,
        "macro_recall": 0.216140350877193,
        "macro_f1": 0.1517948717948718,
        "weighted_precision": 0.08876811594202898,
        "weighted_recall": 0.13333333333333336,
        "weighted_f1": 0.1052014652014652,
        "micro_precision": 0.13333333333333333,
        "micro_recall": 0.13333333333333333,
        "micro_f1": 0.13333333333333333,
        "distinct_true_labels": [
            "INDIV",
            "O",
            "GROUP"
        ],
        "distinct_pred_labels": [
            "INDIV",
            "O",
            "GROUP"
        ]
    }
}