{
    "toxicity": {
        "accuracy": 0.8603351955307262,
        "precision_binary": 0.9026548672566371,
        "recall_binary": 0.8793103448275862,
        "f1_binary": 0.8908296943231441,
        "micro_precision": 0.8603351955307262,
        "micro_recall": 0.8603351955307262,
        "micro_f1": 0.8603351955307262,
        "macro_precision": 0.8452668275677124,
        "macro_recall": 0.8523535851122057,
        "macro_f1": 0.8485156223553705,
        "true_positives": 102,
        "false_positives": 11,
        "true_negatives": 52,
        "false_negatives": 14,
        "distinct_true_labels": [
            0,
            1
        ],
        "distinct_pred_labels": [
            0,
            1
        ]
    },
    "vulgarity": {
        "accuracy": 0.9775210001183106,
        "precision_binary": 0.4113345521023766,
        "recall_binary": 0.47568710359408034,
        "f1_binary": 0.4411764705882353,
        "micro_precision": 0.9775210001183106,
        "micro_recall": 0.9775210001183106,
        "micro_f1": 0.9775210001183106,
        "macro_precision": 0.700669291367593,
        "macro_recall": 0.7313735309000783,
        "macro_f1": 0.7148531364894329,
        "true_positives": 225,
        "false_positives": 322,
        "true_negatives": 24562,
        "false_negatives": 248,
        "distinct_true_labels": [
            0,
            1
        ],
        "distinct_pred_labels": [
            0,
            1
        ]
    },
    "target": {
        "accuracy": 0.9933351737192886,
        "macro_precision": 0.47398002136149414,
        "macro_recall": 0.5491246742193344,
        "macro_f1": 0.5026381842790474,
        "weighted_precision": 0.9946871419199858,
        "weighted_recall": 0.9933351737192886,
        "weighted_f1": 0.9939733566346999,
        "micro_precision": 0.9933351737192886,
        "micro_recall": 0.9933351737192886,
        "micro_f1": 0.9933351737192886,
        "distinct_true_labels": [
            "INDIV",
            "O",
            "GROUP"
        ],
        "distinct_pred_labels": [
            "INDIV",
            "O",
            "GROUP"
        ]
    }
}