{
    "toxicity": {
        "accuracy": 0.8722222222222222,
        "precision_binary": 0.9035087719298246,
        "recall_binary": 0.8956521739130435,
        "f1_binary": 0.8995633187772927,
        "micro_precision": 0.8722222222222222,
        "micro_recall": 0.8722222222222222,
        "micro_f1": 0.8722222222222223,
        "macro_precision": 0.8608452950558214,
        "macro_recall": 0.8632107023411372,
        "macro_f1": 0.8619953998466616,
        "true_positives": 103,
        "false_positives": 11,
        "true_negatives": 54,
        "false_negatives": 12,
        "distinct_true_labels": [
            0,
            1
        ],
        "distinct_pred_labels": [
            0,
            1
        ]
    },
    "vulgarity": {
        "accuracy": 0.97035127296165,
        "precision_binary": 0.46153846153846156,
        "recall_binary": 0.524822695035461,
        "f1_binary": 0.49115044247787615,
        "micro_precision": 0.97035127296165,
        "micro_recall": 0.97035127296165,
        "micro_f1": 0.97035127296165,
        "macro_precision": 0.7240843830906356,
        "macro_recall": 0.753830642508454,
        "macro_f1": 0.7379406198979037,
        "true_positives": 222,
        "false_positives": 259,
        "true_negatives": 14833,
        "false_negatives": 201,
        "distinct_true_labels": [
            0,
            1
        ],
        "distinct_pred_labels": [
            0,
            1
        ]
    },
    "target": {
        "accuracy": 0.9882694166935224,
        "macro_precision": 0.4395354870218653,
        "macro_recall": 0.5034142778644295,
        "macro_f1": 0.46309802376894477,
        "weighted_precision": 0.9911554936383484,
        "weighted_recall": 0.9882694166935224,
        "weighted_f1": 0.9896410826666182,
        "micro_precision": 0.9882694166935224,
        "micro_recall": 0.9882694166935224,
        "micro_f1": 0.9882694166935224,
        "distinct_true_labels": [
            "INDIV",
            "O",
            "GROUP"
        ],
        "distinct_pred_labels": [
            "INDIV",
            "O",
            "GROUP"
        ]
    }
}