{
    "accuracy": 0.6535087719298246,
    "precision_binary": 0.5857142857142857,
    "recall_binary": 0.45054945054945056,
    "f1_binary": 0.5093167701863354,
    "micro_precision": 0.6535087719298246,
    "micro_recall": 0.6535087719298246,
    "micro_f1": 0.6535087719298246,
    "macro_precision": 0.634629294755877,
    "macro_recall": 0.6194353092163312,
    "macro_f1": 0.6207600800084219,
    "true_positives": 82,
    "false_positives": 58,
    "true_negatives": 216,
    "false_negatives": 100,
    "distinct_true_labels": [
        0,
        1
    ],
    "distinct_pred_labels": [
        0,
        1
    ]
}