{
    "accuracy": 0.6666666666666666,
    "precision_binary": 0.6176470588235294,
    "recall_binary": 0.45652173913043476,
    "f1_binary": 0.5249999999999999,
    "micro_precision": 0.6666666666666666,
    "micro_recall": 0.6666666666666666,
    "micro_f1": 0.6666666666666666,
    "macro_precision": 0.6525735294117647,
    "macro_recall": 0.6326726342710998,
    "macro_f1": 0.6341216216216216,
    "true_positives": 84,
    "false_positives": 52,
    "true_negatives": 220,
    "false_negatives": 100,
    "distinct_true_labels": [
        0,
        1
    ],
    "distinct_pred_labels": [
        0,
        1
    ]
}