{
    "accuracy": 0.6258205689277899,
    "precision_binary": 0.5460526315789473,
    "recall_binary": 0.4486486486486487,
    "f1_binary": 0.4925816023738872,
    "micro_precision": 0.6258205689277899,
    "micro_recall": 0.6258205689277899,
    "micro_f1": 0.6258205689277899,
    "macro_precision": 0.6058132010353754,
    "macro_recall": 0.5974860890302067,
    "macro_f1": 0.5981105585526282,
    "true_positives": 83,
    "false_positives": 69,
    "true_negatives": 203,
    "false_negatives": 102,
    "distinct_true_labels": [
        0,
        1
    ],
    "distinct_pred_labels": [
        0,
        1
    ]
}